Account Balance,Payment Status of Previous Credit,Value Savings/Stocks,Length of current employment,Sex & Marital Status,Guarantors,Creditability
2,2,1,2,3,1,0
1,2,1,2,2,1,0
4,4,2,3,2,1,0
2,3,1,3,1,1,0
1,2,1,3,2,1,0
2,1,1,5,2,1,0
1,2,1,3,2,1,0
2,2,1,4,4,1,0
3,2,1,3,2,1,0
1,4,1,3,2,2,0
1,0,1,4,3,1,0
2,2,1,3,2,1,0
2,4,1,5,2,1,0
4,3,4,5,3,1,0
2,2,3,3,3,1,0
1,2,1,3,3,1,0
4,2,1,3,3,1,0
4,2,5,2,2,1,0
4,4,1,2,2,1,0
4,2,1,3,2,1,0
4,2,1,1,2,1,0
2,2,1,2,2,1,0
2,2,1,3,3,1,0
2,2,2,2,2,1,0
1,2,1,5,3,1,0
1,2,1,3,3,1,0
1,4,3,3,2,1,0
1,2,5,4,2,1,0
1,1,1,4,3,3,0
1,2,2,1,1,1,0
4,2,2,5,3,1,0
1,2,2,1,2,1,0
1,2,1,5,3,1,0
1,4,1,2,2,2,0
1,1,1,1,2,2,0
1,2,1,4,3,1,0
1,2,1,3,3,1,0
1,2,1,5,3,1,0
2,2,2,2,2,1,0
1,2,1,2,1,1,0
1,4,1,5,3,1,0
1,4,1,5,2,1,0
2,4,2,2,3,1,0
1,2,2,3,2,1,0
1,2,5,5,3,1,0
1,1,1,4,2,3,0
4,2,4,3,3,1,0
2,2,5,2,2,1,0
2,2,2,3,4,1,0
2,3,1,5,3,1,0
1,2,5,3,4,1,0
1,2,1,3,3,1,0
2,4,4,5,3,1,0
2,2,3,2,2,1,0
2,2,5,1,3,1,0
1,0,1,5,3,1,0
1,4,1,5,3,1,0
1,0,1,3,3,1,0
2,2,1,3,2,3,0
2,4,1,2,1,1,0
1,4,1,2,2,1,1
1,4,1,3,3,1,1
2,2,2,4,2,1,1
1,4,1,3,3,1,1
1,4,1,3,3,1,1
1,4,1,2,3,1,1
1,4,1,4,3,1,1
1,4,1,2,3,1,1
4,4,1,1,2,1,1
2,2,3,1,2,1,1
1,4,1,3,3,1,1
1,4,2,4,4,1,1
1,4,1,4,2,1,1
2,3,2,1,3,1,1
1,2,5,4,4,1,1
1,2,3,3,3,1,1
1,4,1,3,3,1,1
2,2,3,2,4,1,1
2,4,1,5,3,1,1
4,4,1,3,3,1,1
1,4,1,3,3,1,1
2,4,1,2,3,1,1
2,4,1,4,3,1,1
1,4,5,2,3,1,1
2,3,1,4,3,1,1
1,2,1,5,2,1,1
2,4,1,5,3,1,1
4,2,5,3,3,1,1
3,4,1,5,3,1,1
3,4,1,5,3,1,1
4,4,1,4,3,1,1
4,4,1,5,3,1,1
4,2,3,4,2,1,1
1,2,1,2,3,1,1
1,4,1,5,2,1,1
4,4,1,5,3,1,1
4,4,1,5,3,1,1
4,2,5,3,3,1,1
4,4,1,5,2,1,1
4,4,5,4,2,1,1
1,2,1,5,2,3,1
4,4,1,3,2,1,1
2,4,5,4,3,1,1
2,2,5,3,3,1,1
4,2,1,4,3,1,1
4,2,2,2,4,1,1
1,4,2,4,3,1,1
4,2,1,3,1,1,1
3,2,1,3,3,1,1
4,4,1,3,3,1,1
4,4,5,5,3,2,1
4,2,5,5,3,1,1
1,4,1,4,2,1,1
4,4,1,5,3,1,1
1,2,1,2,4,1,1
4,2,5,5,3,1,1
4,2,5,3,3,1,1
4,4,3,3,3,1,1
4,2,1,2,2,1,1
4,4,5,5,3,1,1